year,t1,t2,d1,d2,fare,time,Avg fare grp by d1-d2,Avg Time grp by d1-d2,fare factor,time factor
2013,0,7,0,3,7.69636284,385.1787162,8.249904404,559.117947,-0.553541564,-173.9392308
2013,7,10,0,3,8.554558857,600.3609182,8.249904404,559.117947,0.304654454,41.24297116
2013,10,12,0,3,8.847373136,653.1089721,8.249904404,559.117947,0.597468732,93.99102515
2013,12,17,0,3,8.734747654,624.8290542,8.249904404,559.117947,0.484843251,65.71110721
2013,17,20,0,3,8.291937102,554.2771625,8.249904404,559.117947,0.042032698,-4.840784479
2013,20,22,0,3,8.032279074,481.8981497,8.249904404,559.117947,-0.217625329,-77.21979732
2013,22,24,0,3,8.008013562,460.1906114,8.249904404,559.117947,-0.241890842,-98.92733558
2013,0,7,0,3,7.956678252,451.6362348,8.249904404,559.117947,-0.293226152,-107.4817122
2013,7,10,0,3,7.572430541,421.1493099,8.249904404,559.117947,-0.677473863,-137.9686371
2013,10,12,0,3,8.021889777,504.5040591,8.249904404,559.117947,-0.228014626,-54.61388788
2013,12,17,0,3,8.349949984,544.95194,8.249904404,559.117947,0.10004558,-14.16600701
2013,17,20,0,3,8.248947317,533.5951472,8.249904404,559.117947,-0.000957087,-25.52279978
2013,20,22,0,3,8.071157076,496.082366,8.249904404,559.117947,-0.178747328,-63.03558099
2013,22,24,0,3,8.154046571,497.3695347,8.249904404,559.117947,-0.095857832,-61.7484123
2014,0,7,0,3,7.587851368,389.5061436,8.249904404,559.117947,-0.662053035,-169.6118034
2014,7,10,0,3,8.654413344,627.0776173,8.249904404,559.117947,0.40450894,67.95967035
2014,10,12,0,3,9.056311337,688.4289195,8.249904404,559.117947,0.806406933,129.3109725
2014,12,17,0,3,8.885862345,652.5416019,8.249904404,559.117947,0.635957941,93.42365496
2014,17,20,0,3,8.375928855,574.9239727,8.249904404,559.117947,0.126024451,15.80602575
2014,20,22,0,3,8.091313341,507.2340384,8.249904404,559.117947,-0.158591062,-51.88390864
2014,22,24,0,3,8.035513926,479.1071812,8.249904404,559.117947,-0.214390478,-80.01076575
2014,0,7,0,3,7.912465533,457.1733343,8.249904404,559.117947,-0.337438871,-101.9446127
2014,7,10,0,3,7.550557874,428.7381778,8.249904404,559.117947,-0.69934653,-130.3797692
2014,10,12,0,3,8.082826753,523.9762451,8.249904404,559.117947,-0.167077651,-35.1417019
2014,12,17,0,3,8.390632409,559.9738986,8.249904404,559.117947,0.140728005,0.855951579
2014,17,20,0,3,8.304740854,554.4358522,8.249904404,559.117947,0.05483645,-4.682094794
2014,20,22,0,3,8.113364042,517.1323027,8.249904404,559.117947,-0.136540362,-41.98564427
2014,22,24,0,3,8.152678685,515.6103884,8.249904404,559.117947,-0.097225718,-43.50755857
2015,0,7,0,3,7.612759611,478.502371,8.249904404,559.117947,-0.637144792,-80.61557596
2015,7,10,0,3,8.750303332,688.1020518,8.249904404,559.117947,0.500398929,128.9841048
2015,10,12,0,3,9.226561138,768.868039,8.249904404,559.117947,0.976656735,209.750092
2015,12,17,0,3,9.060050216,747.1110312,8.249904404,559.117947,0.810145813,187.9930842
2015,17,20,0,3,8.500072659,657.9466166,8.249904404,559.117947,0.250168256,98.82866964
2015,20,22,0,3,8.195163604,597.3327195,8.249904404,559.117947,-0.0547408,38.21477253
2015,22,24,0,3,8.208022786,574.490885,8.249904404,559.117947,-0.041881617,15.37293802
2015,0,7,0,3,8.197006209,604.678938,8.249904404,559.117947,-0.052898195,45.56099103
2015,7,10,0,3,7.515388552,504.8871033,8.249904404,559.117947,-0.734515852,-54.23084367
2015,10,12,0,3,8.064952811,605.4572908,8.249904404,559.117947,-0.184951593,46.33934379
2015,12,17,0,3,8.543779485,665.6492962,8.249904404,559.117947,0.293875082,106.5313492
2015,17,20,0,3,8.41257641,663.0867998,8.249904404,559.117947,0.162672007,103.9688528
2015,20,22,0,3,8.252656463,622.8476802,8.249904404,559.117947,0.002752059,63.72973323
2015,22,24,0,3,8.221859263,619.0011013,8.249904404,559.117947,-0.02804514,59.88315433
2013,0,7,3,6,15.23412057,839.8165345,16.62211169,1167.334335,-1.387991125,-327.5178008
2013,7,10,3,6,17.12782464,1223.776037,16.62211169,1167.334335,0.505712949,56.44170142
2013,10,12,3,6,17.88761684,1330.303185,16.62211169,1167.334335,1.265505147,162.9688496
2013,12,17,3,6,17.75624657,1335.637496,16.62211169,1167.334335,1.134134884,168.303161
2013,17,20,3,6,16.48755771,1148.665036,16.62211169,1167.334335,-0.134553976,-18.66929892
2013,20,22,3,6,15.8547263,998.3638334,16.62211169,1167.334335,-0.767385391,-168.9705019
2013,22,24,3,6,15.89629479,972.3690012,16.62211169,1167.334335,-0.725816905,-194.9653341
2013,0,7,3,6,15.6762999,935.7884798,16.62211169,1167.334335,-0.945811794,-231.5458555
2013,7,10,3,6,15.23498013,908.0861576,16.62211169,1167.334335,-1.387131563,-259.2481778
2013,10,12,3,6,16.17153994,1082.499879,16.62211169,1167.334335,-0.450571753,-84.83445652
2013,12,17,3,6,16.68511981,1169.222469,16.62211169,1167.334335,0.06300812,1.88813388
2013,17,20,3,6,16.38370215,1122.970372,16.62211169,1167.334335,-0.238409538,-44.36396354
2013,20,22,3,6,15.81961367,1013.675665,16.62211169,1167.334335,-0.80249802,-153.6586708
2013,22,24,3,6,16.01718701,1016.462642,16.62211169,1167.334335,-0.604924681,-150.8716932
2014,0,7,3,6,15.39666666,885.7179688,16.62211169,1167.334335,-1.225445028,-281.6163666
2014,7,10,3,6,17.56855286,1298.967573,16.62211169,1167.334335,0.946441173,131.6332379
2014,10,12,3,6,18.4477303,1412.382203,16.62211169,1167.334335,1.825618613,245.0478682
2014,12,17,3,6,18.3100363,1421.391776,16.62211169,1167.334335,1.687924605,254.0574409
2014,17,20,3,6,16.86468247,1211.920688,16.62211169,1167.334335,0.24257078,44.58635303
2014,20,22,3,6,16.24319208,1079.603575,16.62211169,1167.334335,-0.378919609,-87.73076052
2014,22,24,3,6,16.25980608,1048.348396,16.62211169,1167.334335,-0.362305615,-118.9859389
2014,0,7,3,6,15.82461013,974.6588498,16.62211169,1167.334335,-0.797501556,-192.6754855
2014,7,10,3,6,15.47546664,948.2994743,16.62211169,1167.334335,-1.14664505,-219.034861
2014,10,12,3,6,16.48793829,1132.886736,16.62211169,1167.334335,-0.134173398,-34.44759946
2014,12,17,3,6,16.95142227,1213.862334,16.62211169,1167.334335,0.32931058,46.52799819
2014,17,20,3,6,16.64348274,1173.26135,16.62211169,1167.334335,0.021371049,5.92701455
2014,20,22,3,6,16.10601194,1074.358944,16.62211169,1167.334335,-0.516099755,-92.97539181
2014,22,24,3,6,16.28511915,1086.658631,16.62211169,1167.334335,-0.336992541,-80.67570431
2015,0,7,3,6,15.49198412,1004.643251,16.62211169,1167.334335,-1.13012757,-162.6910839
2015,7,10,3,6,17.86542428,1405.804798,16.62211169,1167.334335,1.243312594,238.4704627
2015,10,12,3,6,18.91196523,1567.740807,16.62211169,1167.334335,2.289853537,400.4064716
2015,12,17,3,6,18.92892074,1610.847704,16.62211169,1167.334335,2.30680905,443.5133685
2015,17,20,3,6,17.21090117,1346.314606,16.62211169,1167.334335,0.588789476,178.9802707
2015,20,22,3,6,16.50801609,1198.788469,16.62211169,1167.334335,-0.114095601,31.45413379
2015,22,24,3,6,16.51857459,1179.424307,16.62211169,1167.334335,-0.103537096,12.08997205
2015,0,7,3,6,15.98173182,1173.655703,16.62211169,1167.334335,-0.640379872,6.32136802
2015,7,10,3,6,15.55756566,1058.123789,16.62211169,1167.334335,-1.064546031,-109.2105461
2015,10,12,3,6,16.65016937,1263.483325,16.62211169,1167.334335,0.028057684,96.14898982
2015,12,17,3,6,17.31201817,1384.907333,16.62211169,1167.334335,0.689906484,217.5729972
2015,17,20,3,6,17.16024748,1338.409851,16.62211169,1167.334335,0.538135791,171.0755152
2015,20,22,3,6,16.40301879,1217.834114,16.62211169,1167.334335,-0.219092899,50.49977824
2015,22,24,3,6,16.53060554,1218.10874,16.62211169,1167.334335,-0.091506152,50.77440482
2013,0,7,6,9,23.39133699,1176.529858,24.87293656,1478.768279,-1.481599568,-302.2384202
2013,7,10,6,9,24.99375556,1466.780336,24.87293656,1478.768279,0.120819,-11.98794233
2013,10,12,6,9,25.44540991,1466.481024,24.87293656,1478.768279,0.572473352,-12.2872549
2013,12,17,6,9,26.00015951,1612.00911,24.87293656,1478.768279,1.127222947,133.2408316
2013,17,20,6,9,24.63339937,1425.677687,24.87293656,1478.768279,-0.239537185,-53.09059124
2013,20,22,6,9,24.20341013,1329.770814,24.87293656,1478.768279,-0.669526428,-148.9974641
2013,22,24,6,9,24.25996198,1342.883841,24.87293656,1478.768279,-0.61297458,-135.8844376
2013,0,7,6,9,23.81770122,1309.501169,24.87293656,1478.768279,-1.055235341,-169.2671098
2013,7,10,6,9,23.67707688,1173.030741,24.87293656,1478.768279,-1.195859679,-305.7375375
2013,10,12,6,9,24.50126368,1337.24651,24.87293656,1478.768279,-0.371672877,-141.5217683
2013,12,17,6,9,25.19576947,1477.577776,24.87293656,1478.768279,0.322832912,-1.190502663
2013,17,20,6,9,24.80083731,1451.362199,24.87293656,1478.768279,-0.072099252,-27.4060799
2013,20,22,6,9,24.21311717,1343.138471,24.87293656,1478.768279,-0.659819393,-135.6298076
2013,22,24,6,9,24.34562704,1367.521132,24.87293656,1478.768279,-0.527309522,-111.2471463
2014,0,7,6,9,23.64549514,1237.019323,24.87293656,1478.768279,-1.227441422,-241.7489559
2014,7,10,6,9,25.5168307,1565.12368,24.87293656,1478.768279,0.643894141,86.35540157
2014,10,12,6,9,26.06403718,1574.725845,24.87293656,1478.768279,1.191100626,95.95756624
2014,12,17,6,9,26.60186935,1719.392189,24.87293656,1478.768279,1.728932788,240.62391
2014,17,20,6,9,25.02705972,1504.853129,24.87293656,1478.768279,0.154123164,26.08485075
2014,20,22,6,9,24.60749511,1421.078581,24.87293656,1478.768279,-0.265441452,-57.68969756
2014,22,24,6,9,24.74560643,1435.317962,24.87293656,1478.768279,-0.127330128,-43.4503165
2014,0,7,6,9,24.08387682,1366.406393,24.87293656,1478.768279,-0.789059735,-112.3618857
2014,7,10,6,9,23.82952034,1211.504594,24.87293656,1478.768279,-1.043416221,-267.2636844
2014,10,12,6,9,24.72501702,1381.841513,24.87293656,1478.768279,-0.147919537,-96.92676553
2014,12,17,6,9,25.34575551,1508.689775,24.87293656,1478.768279,0.472818946,29.92149633
2014,17,20,6,9,24.97298368,1489.095595,24.87293656,1478.768279,0.100047124,10.32731658
2014,20,22,6,9,24.50992146,1410.151235,24.87293656,1478.768279,-0.3630151,-68.61704351
2014,22,24,6,9,24.66653821,1471.806167,24.87293656,1478.768279,-0.206398352,-6.962111053
2015,0,7,6,9,23.77909469,1370.725181,24.87293656,1478.768279,-1.093841872,-108.0430976
2015,7,10,6,9,25.9930582,1700.176124,24.87293656,1478.768279,1.12012164,221.4078459
2015,10,12,6,9,26.6550555,1754.778371,24.87293656,1478.768279,1.78211894,276.0100923
2015,12,17,6,9,27.4569747,1968.40447,24.87293656,1478.768279,2.584038144,489.6361911
2015,17,20,6,9,25.38414289,1659.109625,24.87293656,1478.768279,0.511206329,180.3413465
2015,20,22,6,9,24.90323536,1547.048526,24.87293656,1478.768279,0.030298803,68.28024705
2015,22,24,6,9,25.11384136,1589.996391,24.87293656,1478.768279,0.240904803,111.2281124
2015,0,7,6,9,24.27005143,1604.860528,24.87293656,1478.768279,-0.602885125,126.0922493
2015,7,10,6,9,23.89226584,1339.621173,24.87293656,1478.768279,-0.980670717,-139.1471056
2015,10,12,6,9,24.87862602,1539.565323,24.87293656,1478.768279,0.005689462,60.79704464
2015,12,17,6,9,25.64853188,1697.445858,24.87293656,1478.768279,0.775595321,218.6775792
2015,17,20,6,9,25.23593721,1645.773216,24.87293656,1478.768279,0.363000654,167.0049376
2015,20,22,6,9,24.75292474,1549.783782,24.87293656,1478.768279,-0.120011823,71.01550351
2015,22,24,6,9,24.87876277,1564.462482,24.87293656,1478.768279,0.005826211,85.69420342
2013,0,7,9,12,30.60947081,1334.295571,32.28375717,1727.286343,-1.67428636,-392.9907722
2013,7,10,9,12,33.31414833,1868.602479,32.28375717,1727.286343,1.030391153,141.3161366
2013,10,12,9,12,33.24763927,1814.697374,32.28375717,1727.286343,0.963882099,87.41103148
2013,12,17,9,12,33.53487258,1981.854263,32.28375717,1727.286343,1.251115409,254.5679203
2013,17,20,9,12,31.86934454,1669.972207,32.28375717,1727.286343,-0.414412628,-57.31413567
2013,20,22,9,12,31.2415688,1487.237342,32.28375717,1727.286343,-1.042188368,-240.0490005
2013,22,24,9,12,31.32945687,1488.49804,32.28375717,1727.286343,-0.954300301,-238.7883024
2013,0,7,9,12,31.29993918,1483.380173,32.28375717,1727.286343,-0.983817994,-243.9061696
2013,7,10,9,12,30.92906,1358.786198,32.28375717,1727.286343,-1.354697175,-368.5001448
2013,10,12,9,12,31.94096503,1554.664509,32.28375717,1727.286343,-0.342792145,-172.6218337
2013,12,17,9,12,32.4741654,1723.926165,32.28375717,1727.286343,0.190408231,-3.360177571
2013,17,20,9,12,31.93331628,1659.224761,32.28375717,1727.286343,-0.350440894,-68.06158147
2013,20,22,9,12,31.2613408,1495.50267,32.28375717,1727.286343,-1.022416368,-231.7836726
2013,22,24,9,12,31.35317522,1495.864831,32.28375717,1727.286343,-0.930581953,-231.4215118
2014,0,7,9,12,30.87896957,1403.06533,32.28375717,1727.286343,-1.404787602,-324.2210129
2014,7,10,9,12,34.07720688,2029.805021,32.28375717,1727.286343,1.793449706,302.5186785
2014,10,12,9,12,34.02004536,1961.027064,32.28375717,1727.286343,1.736288183,233.7407207
2014,12,17,9,12,34.28385634,2117.628713,32.28375717,1727.286343,2.000099165,390.3423701
2014,17,20,9,12,32.36713632,1772.078506,32.28375717,1727.286343,0.083379146,44.79216281
2014,20,22,9,12,31.65479089,1595.866921,32.28375717,1727.286343,-0.628966286,-131.419422
2014,22,24,9,12,31.865008,1599.260133,32.28375717,1727.286343,-0.418749171,-128.0262094
2014,0,7,9,12,31.5497166,1543.221095,32.28375717,1727.286343,-0.734040569,-184.0652476
2014,7,10,9,12,31.08232101,1402.429083,32.28375717,1727.286343,-1.201436163,-324.8572595
2014,10,12,9,12,32.13428147,1611.446983,32.28375717,1727.286343,-0.1494757,-115.8393595
2014,12,17,9,12,32.65402533,1775.188492,32.28375717,1727.286343,0.370268155,47.90214872
2014,17,20,9,12,32.11338698,1707.704555,32.28375717,1727.286343,-0.170370194,-19.58178783
2014,20,22,9,12,31.47156262,1567.837238,32.28375717,1727.286343,-0.812194554,-159.4491048
2014,22,24,9,12,31.59960388,1632.064372,32.28375717,1727.286343,-0.684153294,-95.22197117
2015,0,7,9,12,31.0158113,1551.776118,32.28375717,1727.286343,-1.267945874,-175.5102246
2015,7,10,9,12,34.73666226,2246.506627,32.28375717,1727.286343,2.452905086,519.2202837
2015,10,12,9,12,34.69264518,2192.00376,32.28375717,1727.286343,2.408888008,464.7174171
2015,12,17,9,12,35.29370945,2422.81069,32.28375717,1727.286343,3.00995228,695.5243472
2015,17,20,9,12,32.90846453,1982.336471,32.28375717,1727.286343,0.62470736,255.0501285
2015,20,22,9,12,32.16538562,1745.80831,32.28375717,1727.286343,-0.118371551,18.52196683
2015,22,24,9,12,32.34457066,1771.837039,32.28375717,1727.286343,0.060813486,44.55069658
2015,0,7,9,12,31.71279611,1799.527561,32.28375717,1727.286343,-0.57096106,72.24121805
2015,7,10,9,12,31.34260131,1577.03476,32.28375717,1727.286343,-0.941155859,-150.2515825
2015,10,12,9,12,32.43251226,1797.136673,32.28375717,1727.286343,0.148755092,69.85033037
2015,12,17,9,12,33.14674748,2011.5591,32.28375717,1727.286343,0.862990306,284.2727567
2015,17,20,9,12,32.44199027,1890.054299,32.28375717,1727.286343,0.158233096,162.7679562
2015,20,22,9,12,31.76436451,1713.026076,32.28375717,1727.286343,-0.519392658,-14.26026718
2015,22,24,9,12,31.82916593,1709.478824,32.28375717,1727.286343,-0.45459124,-17.80751928
2013,0,7,12,15,39.80132316,1609.122791,41.05377067,2055.60802,-1.252447506,-446.4852287
2013,7,10,12,15,41.43343502,2199.194865,41.05377067,2055.60802,0.379664348,143.5868451
2013,10,12,12,15,41.51358349,2071.524983,41.05377067,2055.60802,0.459812823,15.91696327
2013,12,17,12,15,43.22801745,2408.236467,41.05377067,2055.60802,2.174246777,352.6284468
2013,17,20,12,15,40.710795,2006.657478,41.05377067,2055.60802,-0.342975671,-48.95054167
2013,20,22,12,15,40.77073375,1777.472882,41.05377067,2055.60802,-0.283036919,-278.1351383
2013,22,24,12,15,39.70271491,1773.339496,41.05377067,2055.60802,-1.351055762,-282.2685241
2013,0,7,12,15,39.45648405,1721.581642,41.05377067,2055.60802,-1.597286617,-334.0263781
2013,7,10,12,15,39.84163997,1623.891787,41.05377067,2055.60802,-1.212130704,-431.7162332
2013,10,12,12,15,40.64514873,1863.605686,41.05377067,2055.60802,-0.408621941,-192.0023335
2013,12,17,12,15,42.16328122,2124.780537,41.05377067,2055.60802,1.109510552,69.17251725
2013,17,20,12,15,40.77028372,1992.023078,41.05377067,2055.60802,-0.28348695,-63.58494227
2013,20,22,12,15,39.4143773,1773.227868,41.05377067,2055.60802,-1.639393366,-282.3801522
2013,22,24,12,15,39.49861507,1756.158042,41.05377067,2055.60802,-1.555155601,-299.4499778
2014,0,7,12,15,40.19882844,1704.188482,41.05377067,2055.60802,-0.854942232,-351.4195384
2014,7,10,12,15,42.32088972,2381.42272,41.05377067,2055.60802,1.267119046,325.8147002
2014,10,12,12,15,42.28947926,2214.042266,41.05377067,2055.60802,1.235708592,158.4342459
2014,12,17,12,15,44.02085912,2559.007162,41.05377067,2055.60802,2.967088452,503.3991419
2014,17,20,12,15,41.40736969,2136.53517,41.05377067,2055.60802,0.35359902,80.92715007
2014,20,22,12,15,40.14324652,1905.430443,41.05377067,2055.60802,-0.910524153,-150.177577
2014,22,24,12,15,40.30817307,1899.583442,41.05377067,2055.60802,-0.7455976,-156.0245779
2014,0,7,12,15,39.8751661,1802.10207,41.05377067,2055.60802,-1.178604572,-253.5059502
2014,7,10,12,15,40.25782633,1686.551275,41.05377067,2055.60802,-0.795944339,-369.0567448
2014,10,12,12,15,41.17145214,1947.194316,41.05377067,2055.60802,0.117681473,-108.4137044
2014,12,17,12,15,42.7150461,2206.796971,41.05377067,2055.60802,1.661275433,151.1889512
2014,17,20,12,15,41.26760119,2076.84519,41.05377067,2055.60802,0.213830524,21.23717055
2014,20,22,12,15,39.9362202,1875.165593,41.05377067,2055.60802,-1.117550467,-180.4424266
2014,22,24,12,15,39.92786736,1904.911176,41.05377067,2055.60802,-1.12590331,-150.6968442
2015,0,7,12,15,40.25068671,1884.956152,41.05377067,2055.60802,-0.803083957,-170.6518681
2015,7,10,12,15,43.10349408,2661.32126,41.05377067,2055.60802,2.049723413,605.71324
2015,10,12,12,15,42.80870353,2448.349489,41.05377067,2055.60802,1.754932858,392.7414687
2015,12,17,12,15,44.82512681,2885.913227,41.05377067,2055.60802,3.771356142,830.3052072
2015,17,20,12,15,41.73673446,2357.837282,41.05377067,2055.60802,0.682963793,302.2292618
2015,20,22,12,15,40.34903861,2057.716419,41.05377067,2055.60802,-0.70473206,2.108398655
2015,22,24,12,15,40.44180037,2051.327613,41.05377067,2055.60802,-0.611970304,-4.280406515
2015,0,7,12,15,39.93198804,2104.32631,41.05377067,2055.60802,-1.121782631,48.71828963
2015,7,10,12,15,40.19601562,1869.423794,41.05377067,2055.60802,-0.85775505,-186.1842255
2015,10,12,12,15,41.25474624,2194.791859,41.05377067,2055.60802,0.200975575,139.1838392
2015,12,17,12,15,42.92448727,2472.094729,41.05377067,2055.60802,1.870716596,416.486709
2015,17,20,12,15,41.44816456,2293.205364,41.05377067,2055.60802,0.394393887,237.5973442
2015,20,22,12,15,40.17947894,2042.555207,41.05377067,2055.60802,-0.874291728,-13.05281326
2015,22,24,12,15,40.01744481,2011.124256,41.05377067,2055.60802,-1.036325863,-44.48376384
2013,0,7,15,18,50.95613518,1736.909942,51.0697803,2261.060276,-0.11364512,-524.1503335
2013,7,10,15,18,51.71692459,2618.148152,51.0697803,2261.060276,0.647144289,357.087876
2013,10,12,15,18,51.93278485,2360.711366,51.0697803,2261.060276,0.863004547,99.65109053
2013,12,17,15,18,52.135059,2904.633655,51.0697803,2261.060276,1.065278697,643.5733797
2013,17,20,15,18,50.60176884,2252.755736,51.0697803,2261.060276,-0.468011464,-8.304539554
2013,20,22,15,18,49.32787223,1845.343033,51.0697803,2261.060276,-1.741908066,-415.7172426
2013,22,24,15,18,49.18540485,1802.861765,51.0697803,2261.060276,-1.884375447,-458.1985105
2013,0,7,15,18,49.84537844,1717.460983,51.0697803,2261.060276,-1.224401861,-543.5992923
2013,7,10,15,18,51.70541094,1678.621057,51.0697803,2261.060276,0.635630636,-582.4392189
2013,10,12,15,18,52.00255189,1985.6339,51.0697803,2261.060276,0.932771594,-275.4263753
2013,12,17,15,18,52.13183345,2499.062693,51.0697803,2261.060276,1.062053153,238.0024172
2013,17,20,15,18,50.88490546,2252.124157,51.0697803,2261.060276,-0.184874845,-8.936119034
2013,20,22,15,18,49.54833053,1882.243106,51.0697803,2261.060276,-1.521449766,-378.8171699
2013,22,24,15,18,49.20365017,1727.219744,51.0697803,2261.060276,-1.866130133,-533.8405315
2014,0,7,15,18,51.30419239,1869.762461,51.0697803,2261.060276,0.234412093,-391.2978144
2014,7,10,15,18,52.30275688,2842.591223,51.0697803,2261.060276,1.232976575,581.5309476
2014,10,12,15,18,52.30879387,2519.320138,51.0697803,2261.060276,1.23901357,258.2598626
2014,12,17,15,18,52.59850034,3092.602767,51.0697803,2261.060276,1.528720035,831.542491
2014,17,20,15,18,51.06649656,2413.338934,51.0697803,2261.060276,-0.003283738,152.2786587
2014,20,22,15,18,49.90089035,2011.572832,51.0697803,2261.060276,-1.168889954,-249.4874438
2014,22,24,15,18,49.81778805,1950.871516,51.0697803,2261.060276,-1.251992246,-310.1887602
2014,0,7,15,18,50.37580172,1788.361213,51.0697803,2261.060276,-0.693978585,-472.6990625
2014,7,10,15,18,52.03592215,1757.601242,51.0697803,2261.060276,0.966141845,-503.4590335
2014,10,12,15,18,52.25701839,2111.588987,51.0697803,2261.060276,1.187238094,-149.4712888
2014,12,17,15,18,52.36618954,2577.924509,51.0697803,2261.060276,1.296409241,316.8642332
2014,17,20,15,18,51.22937198,2361.386336,51.0697803,2261.060276,0.159591678,100.32606
2014,20,22,15,18,50.05959065,2090.803344,51.0697803,2261.060276,-1.010189654,-170.2569312
2014,22,24,15,18,49.58386292,1925.716885,51.0697803,2261.060276,-1.485917383,-335.3433909
2015,0,7,15,18,51.28269625,2073.415307,51.0697803,2261.060276,0.212915952,-187.6449684
2015,7,10,15,18,52.29591065,3081.795521,51.0697803,2261.060276,1.226130347,820.7352453
2015,10,12,15,18,52.31463845,2811.563773,51.0697803,2261.060276,1.244858149,550.503497
2015,12,17,15,18,52.69939759,3445.469367,51.0697803,2261.060276,1.629617289,1184.409092
2015,17,20,15,18,51.06828777,2660.55108,51.0697803,2261.060276,-0.001492534,399.4908045
2015,20,22,15,18,49.77648039,2180.764862,51.0697803,2261.060276,-1.293299907,-80.29541322
2015,22,24,15,18,49.56141726,2084.280572,51.0697803,2261.060276,-1.508363039,-176.779704
2015,0,7,15,18,50.44849658,2021.332076,51.0697803,2261.060276,-0.621283722,-239.7281997
2015,7,10,15,18,51.97156645,1972.591842,51.0697803,2261.060276,0.901786155,-288.4684332
2015,10,12,15,18,52.22313988,2346.286231,51.0697803,2261.060276,1.153359584,85.22595532
2015,12,17,15,18,52.35458342,2868.01492,51.0697803,2261.060276,1.284803118,606.9546442
2015,17,20,15,18,51.18741056,2617.440486,51.0697803,2261.060276,0.117630256,356.3802108
2015,20,22,15,18,49.9612173,2242.064228,51.0697803,2261.060276,-1.108563004,-18.99604768
2015,22,24,15,18,49.40034387,1981.789635,51.0697803,2261.060276,-1.66943643,-279.2706405
2013,0,7,18,21,53.27033127,1953.643567,53.34393233,2521.064482,-0.073601067,-567.4209154
2013,7,10,18,21,53.66741652,2930.650253,53.34393233,2521.064482,0.323484186,409.5857705
2013,10,12,18,21,53.99808339,2720.945167,53.34393233,2521.064482,0.654151062,199.8806851
2013,12,17,18,21,53.74427201,3133.579558,53.34393233,2521.064482,0.400339674,612.5150762
2013,17,20,18,21,52.72119737,2450.104338,53.34393233,2521.064482,-0.622734964,-70.96014468
2013,20,22,18,21,52.69602794,2051.224488,53.34393233,2521.064482,-0.647904392,-469.8399947
2013,22,24,18,21,52.86411767,1988.133321,53.34393233,2521.064482,-0.479814657,-532.9311615
2013,0,7,18,21,53.74681752,1885.240828,53.34393233,2521.064482,0.402885189,-635.8236547
2013,7,10,18,21,53.43751838,1924.154428,53.34393233,2521.064482,0.09358605,-596.9100545
2013,10,12,18,21,53.85345677,2288.482598,53.34393233,2521.064482,0.509524438,-232.5818841
2013,12,17,18,21,53.59360394,2782.091301,53.34393233,2521.064482,0.249671611,261.0268188
2013,17,20,18,21,52.6293906,2520.758806,53.34393233,2521.064482,-0.714541731,-0.305676105
2013,20,22,18,21,52.29917182,2118.097451,53.34393233,2521.064482,-1.044760511,-402.9670316
2013,22,24,18,21,52.36773804,1900.738464,53.34393233,2521.064482,-0.976194295,-620.3260179
2014,0,7,18,21,53.57639791,2101.908254,53.34393233,2521.064482,0.232465581,-419.1562285
2014,7,10,18,21,54.17296878,3164.458615,53.34393233,2521.064482,0.829036448,643.3941328
2014,10,12,18,21,54.27763365,2925.779688,53.34393233,2521.064482,0.933701318,404.7152055
2014,12,17,18,21,54.18477679,3326.093422,53.34393233,2521.064482,0.840844457,805.0289401
2014,17,20,18,21,53.13711254,2614.118939,53.34393233,2521.064482,-0.206819797,93.05445651
2014,20,22,18,21,53.18536643,2248.844453,53.34393233,2521.064482,-0.158565903,-272.2200296
2014,22,24,18,21,53.40481891,2143.841261,53.34393233,2521.064482,0.060886581,-377.2232208
2014,0,7,18,21,54.14169483,1971.869068,53.34393233,2521.064482,0.797762499,-549.1954141
2014,7,10,18,21,53.85475186,2033.928439,53.34393233,2521.064482,0.510819529,-487.1360437
2014,10,12,18,21,53.98909841,2450.789268,53.34393233,2521.064482,0.645166078,-70.27521458
2014,12,17,18,21,53.86775072,2890.296659,53.34393233,2521.064482,0.523818386,369.2321768
2014,17,20,18,21,52.96221607,2662.106174,53.34393233,2521.064482,-0.381716264,141.0416913
2014,20,22,18,21,52.6163031,2348.910519,53.34393233,2521.064482,-0.727629228,-172.153963
2014,22,24,18,21,52.69557404,2120.508484,53.34393233,2521.064482,-0.648358291,-400.5559983
2015,0,7,18,21,53.48932457,2312.011734,53.34393233,2521.064482,0.145392237,-209.0527485
2015,7,10,18,21,54.13948606,3437.847338,53.34393233,2521.064482,0.795553725,916.7828557
2015,10,12,18,21,54.28374139,3219.816517,53.34393233,2521.064482,0.939809056,698.7520345
2015,12,17,18,21,54.16891864,3706.908135,53.34393233,2521.064482,0.82498631,1185.843652
2015,17,20,18,21,53.06133868,2868.617293,53.34393233,2521.064482,-0.282593656,347.5528108
2015,20,22,18,21,53.00419182,2421.079925,53.34393233,2521.064482,-0.339740509,-99.98455759
2015,22,24,18,21,53.06904579,2254.189015,53.34393233,2521.064482,-0.274886537,-266.8754674
2015,0,7,18,21,53.98177956,2217.512004,53.34393233,2521.064482,0.637847225,-303.5524787
2015,7,10,18,21,53.76212469,2284.703435,53.34393233,2521.064482,0.418192363,-236.361047
2015,10,12,18,21,53.85005346,2700.324945,53.34393233,2521.064482,0.506121127,179.2604631
2015,12,17,18,21,53.75439449,3190.884483,53.34393233,2521.064482,0.410462162,669.8200013
2015,17,20,18,21,52.93019154,2917.957947,53.34393233,2521.064482,-0.413740792,396.8934647
2015,20,22,18,21,52.5946161,2498.649524,53.34393233,2521.064482,-0.749316236,-22.41495816
2015,22,24,18,21,52.5792766,2202.908151,57.43603662,2521.064482,-4.85676002,-318.1563308
2013,0,7,21,24,58.06691605,2294.604201,57.43603662,2820.862925,0.63087943,-526.2587242
2013,7,10,21,24,55.99972406,3199.436645,57.43603662,2820.862925,-1.436312566,378.5737202
2013,10,12,21,24,56.47010761,2985.441801,57.43603662,2820.862925,-0.965929014,164.5788757
2013,12,17,21,24,56.05166546,3461.836686,57.43603662,2820.862925,-1.384371163,640.9737609
2013,17,20,21,24,56.93565052,2717.426782,57.43603662,2820.862925,-0.500386106,-103.436143
2013,20,22,21,24,58.84967289,2312.602246,57.43603662,2820.862925,1.413636266,-508.2606786
2013,22,24,21,24,59.98943563,2286.373663,57.43603662,2820.862925,2.553399001,-534.4892625
2013,0,7,21,24,60.48904633,2231.797745,57.43603662,2820.862925,3.053009701,-589.0651796
2013,7,10,21,24,57.0631184,2226.558373,57.43603662,2820.862925,-0.372918223,-594.304552
2013,10,12,21,24,56.05282944,2570.303658,57.43603662,2820.862925,-1.383207184,-250.559267
2013,12,17,21,24,55.18890528,3080.515787,57.43603662,2820.862925,-2.247131349,259.6528623
2013,17,20,21,24,55.42759588,2783.320086,57.43603662,2820.862925,-2.008440744,-37.54283907
2013,20,22,21,24,56.0418734,2350.30998,57.43603662,2820.862925,-1.39416322,-470.5529454
2013,22,24,21,24,57.60379148,2172.631183,57.43603662,2820.862925,0.167754859,-648.2317415
2014,0,7,21,24,58.56208663,2438.446624,57.43603662,2820.862925,1.126050009,-382.4163005
2014,7,10,21,24,56.57219326,3417.743895,57.43603662,2820.862925,-0.863843364,596.8809696
2014,10,12,21,24,56.60880723,3173.363762,57.43603662,2820.862925,-0.827229397,352.5008373
2014,12,17,21,24,56.40505133,3660.866087,57.43603662,2820.862925,-1.030985298,840.0031617
2014,17,20,21,24,57.47933956,2888.587839,57.43603662,2820.862925,0.043302939,67.72491369
2014,20,22,21,24,59.68171707,2522.204395,57.43603662,2820.862925,2.245680444,-298.6585296
2014,22,24,21,24,60.48787484,2440.650148,57.43603662,2820.862925,3.051838217,-380.2127768
2014,0,7,21,24,61.35107368,2324.13584,57.43603662,2820.862925,3.915037051,-496.7270846
2014,7,10,21,24,57.74097446,2379.136835,57.43603662,2820.862925,0.304937834,-441.7260905
2014,10,12,21,24,56.95947645,2761.00255,57.43603662,2820.862925,-0.476560177,-59.86037474
2014,12,17,21,24,56.31369162,3194.620414,57.43603662,2820.862925,-1.122345002,373.7574885
2014,17,20,21,24,56.47601308,2930.889999,57.43603662,2820.862925,-0.960023548,110.0270736
2014,20,22,21,24,57.13050963,2612.014387,57.43603662,2820.862925,-0.305526993,-208.8485383
2014,22,24,21,24,58.23083784,2390.572673,57.43603662,2820.862925,0.794801213,-430.2902523
2015,0,7,21,24,58.07642821,2658.118628,57.43603662,2820.862925,0.640391586,-162.744297
2015,7,10,21,24,56.42145655,3642.760665,57.43603662,2820.862925,-1.014580074,821.8977402
2015,10,12,21,24,56.3231169,3513.718412,57.43603662,2820.862925,-1.112919728,692.8554865
2015,12,17,21,24,56.31440281,4060.590296,57.43603662,2820.862925,-1.121633812,1239.727371
2015,17,20,21,24,57.35437188,3160.448169,57.43603662,2820.862925,-0.081664742,339.5852439
2015,20,22,21,24,58.34525988,2680.436768,57.43603662,2820.862925,0.909223251,-140.4261573
2015,22,24,21,24,58.93980902,2567.813793,57.43603662,2820.862925,1.503772394,-253.0491319
2015,0,7,21,24,60.30673251,2633.438739,57.43603662,2820.862925,2.870695889,-187.4241856
2015,7,10,21,24,57.15839348,2640.747212,57.43603662,2820.862925,-0.277643148,-180.1157135
2015,10,12,21,24,56.39248584,3042.378476,57.43603662,2820.862925,-1.043550785,221.5155508
2015,12,17,21,24,55.85816062,3546.953399,57.43603662,2820.862925,-1.577876003,726.0904737
2015,17,20,21,24,56.07746081,3207.915697,57.43603662,2820.862925,-1.358575816,387.0527717
2015,20,22,21,24,56.62022149,2813.841564,57.43603662,2820.862925,-0.815815131,-7.021360983
2015,22,24,21,24,57.89525913,2499.68675,57.43603662,2820.862925,0.459222502,-321.1761749
2013,0,7,24,50,81.54842546,2822.99804,85.28821608,3303.915773,-3.73979062,-480.917733
2013,7,10,24,50,79.75173768,3557.763913,85.28821608,3303.915773,-5.536478402,253.8481397
2013,10,12,24,50,85.97448551,3463.253069,85.28821608,3303.915773,0.686269422,159.3372954
2013,12,17,24,50,74.89031039,3773.037349,85.28821608,3303.915773,-10.39790569,469.1215758
2013,17,20,24,50,80.41213491,3060.063814,85.28821608,3303.915773,-4.876081178,-243.851959
2013,20,22,24,50,84.71481125,2805.677443,85.28821608,3303.915773,-0.573404833,-498.2383298
2013,22,24,24,50,86.16747536,2808.507771,85.28821608,3303.915773,0.879259277,-495.4080023
2013,0,7,24,50,92.60242258,2739.959799,85.28821608,3303.915773,7.314206495,-563.9559743
2013,7,10,24,50,78.0434482,2873.423749,85.28821608,3303.915773,-7.244767888,-430.4920248
2013,10,12,24,50,77.60826702,3395.506121,85.28821608,3303.915773,-7.67994906,91.59034757
2013,12,17,24,50,75.97952271,3555.457421,85.28821608,3303.915773,-9.308693369,251.5416481
2013,17,20,24,50,78.31669603,3123.466829,85.28821608,3303.915773,-6.971520056,-180.4489442
2013,20,22,24,50,80.3449754,2783.746474,85.28821608,3303.915773,-4.943240682,-520.1692991
2013,22,24,24,50,79.11719384,2650.473758,85.28821608,3303.915773,-6.171022242,-653.4420154
2014,0,7,24,50,89.45328658,2980.968105,85.28821608,3303.915773,4.165070498,-322.9476681
2014,7,10,24,50,85.51916493,3744.971626,85.28821608,3303.915773,0.230948846,441.0558531
2014,10,12,24,50,82.55060488,3535.131401,85.28821608,3303.915773,-2.737611203,231.2156278
2014,12,17,24,50,79.00696324,3920.967191,85.28821608,3303.915773,-6.281252848,617.0514172
2014,17,20,24,50,87.90452435,3196.572905,85.28821608,3303.915773,2.616308265,-107.3428684
2014,20,22,24,50,92.58281662,3016.926545,85.28821608,3303.915773,7.294600539,-286.9892279
2014,22,24,24,50,94.17268507,3055.777917,85.28821608,3303.915773,8.884468986,-248.1378561
2014,0,7,24,50,90.22463176,2953.712773,85.28821608,3303.915773,4.936415677,-350.203
2014,7,10,24,50,84.53477247,3037.841515,85.28821608,3303.915773,-0.753443611,-266.074258
2014,10,12,24,50,83.3293832,3548.828075,85.28821608,3303.915773,-1.958832886,244.9123018
2014,12,17,24,50,81.44611855,3642.889309,85.28821608,3303.915773,-3.842097535,338.973536
2014,17,20,24,50,85.34278589,3266.765409,85.28821608,3303.915773,0.054569807,-37.15036463
2014,20,22,24,50,85.11352806,3000.338202,85.28821608,3303.915773,-0.174688019,-303.5775717
2014,22,24,24,50,88.52692802,3120.571979,85.28821608,3303.915773,3.238711937,-183.3437939
2015,0,7,24,50,89.03912446,3228.777548,85.28821608,3303.915773,3.750908379,-75.13822483
2015,7,10,24,50,85.01704492,3952.974164,85.28821608,3303.915773,-0.271171166,649.0583908
2015,10,12,24,50,81.01948742,3865.69433,85.28821608,3303.915773,-4.268728663,561.7785564
2015,12,17,24,50,86.70344605,4250.919556,85.28821608,3303.915773,1.415229969,947.0037827
2015,17,20,24,50,88.17690458,3447.528181,85.28821608,3303.915773,2.888688492,143.612408
2015,20,22,24,50,90.16510113,3147.449123,85.28821608,3303.915773,4.876885042,-156.4666508
2015,22,24,24,50,92.58791812,3125.060457,85.28821608,3303.915773,7.299702038,-178.8553163
2015,0,7,24,50,90.92876674,3329.605804,85.28821608,3303.915773,5.640550658,25.69003025
2015,7,10,24,50,102.0825697,3283.129293,85.28821608,3303.915773,16.79435361,-20.78648039
2015,10,12,24,50,84.17309074,3910.101096,85.28821608,3303.915773,-1.11512534,606.1853229
2015,12,17,24,50,83.97628116,4006.764804,85.28821608,3303.915773,-1.311934928,702.8490306
2015,17,20,24,50,85.8724394,3562.056662,85.28821608,3303.915773,0.584223318,258.1408887
2015,20,22,24,50,86.68127208,3165.320286,85.28821608,3303.915773,1.393055993,-138.5954869
2015,22,24,24,50,90.50152905,3053.482671,85.28821608,3303.915773,5.213312969,-250.4331026